title,year,runtime,genre(s),director(s),writer(s),actor(s),rating(s),number of rating(s)
The Shawshank Redemption,1994,142,Crime;Drama,Frank Darabont,Stephen King;Frank Darabont,Tim Robbins;Morgan Freeman;Bob Gunton,9.3,1605497
The Godfather,1972,175,Crime;Drama,Francis Ford Coppola,Mario Puzo;Francis Ford Coppola,Marlon Brando;Al Pacino;James Caan,9.2,1099543
The Godfather: Part II,1974,202,Crime;Drama,Francis Ford Coppola,Francis Ford Coppola;Mario Puzo,Al Pacino;Robert De Niro;Robert Duvall,9.0,748196
The Dark Knight,2008,152,Action;Crime;Drama,Christopher Nolan,Jonathan Nolan;Christopher Nolan,Christian Bale;Heath Ledger;Aaron Eckhart,9.0,1581458
Pulp Fiction,1994,154,Crime;Drama,Quentin Tarantino,Quentin Tarantino;Roger Avary,John Travolta;Uma Thurman;Samuel L. Jackson,8.9,1256137
Schindler's List,1993,195,Biography;Drama;History,Steven Spielberg,Thomas Keneally;Steven Zaillian,Liam Neeson;Ralph Fiennes;Ben Kingsley,8.9,819740
12 Angry Men,1957,96,Crime;Drama,Sidney Lumet,Reginald Rose,Henry Fonda;Lee J. Cobb;Martin Balsam,8.9,420169
The Lord of the Rings: The Return of the King,2003,201,Adventure;Drama;Fantasy,Peter Jackson,J.R.R. Tolkien;Fran Walsh,Elijah Wood;Viggo Mortensen;Ian McKellen,8.9,1154433
"Il buono, il brutto, il cattivo",1966,161,Western,Sergio Leone,Luciano Vincenzoni;Sergio Leone,Clint Eastwood;Eli Wallach;Lee Van Cleef,8.9,479238
Fight Club,1999,139,Drama,David Fincher,Chuck Palahniuk;Jim Uhls,Brad Pitt;Edward Norton;Helena Bonham Carter,8.9,1273629
The Lord of the Rings: The Fellowship of the Ring,2001,178,Adventure;Drama;Fantasy,Peter Jackson,J.R.R. Tolkien;Fran Walsh,Elijah Wood;Ian McKellen;Orlando Bloom,8.8,1178454
Star Wars: Episode V - The Empire Strikes Back,1980,124,Action;Adventure;Fantasy;Sci-Fi,Irvin Kershner,Leigh Brackett;Lawrence Kasdan,Mark Hamill;Harrison Ford;Carrie Fisher,8.8,786963
Forrest Gump,1994,142,Drama;Romance,Robert Zemeckis,Winston Groom;Eric Roth,Tom Hanks;Robin Wright;Gary Sinise,8.8,1175485
Inception,2010,148,Action;Mystery;Sci-Fi;Thriller,Christopher Nolan,Christopher Nolan,Leonardo DiCaprio;Joseph Gordon-Levitt;Ellen Page,8.8,1382975
One Flew Over the Cuckoo's Nest,1975,133,Drama,Milos Forman,Lawrence Hauben;Bo Goldman,Jack Nicholson;Louise Fletcher;Michael Berryman,8.7,647772
The Lord of the Rings: The Two Towers,2002,179,Adventure;Drama;Fantasy,Peter Jackson,J.R.R. Tolkien;Fran Walsh,Elijah Wood;Ian McKellen;Viggo Mortensen,8.7,1042717
Goodfellas,1990,146,Biography;Crime;Drama,Martin Scorsese,Nicholas Pileggi;Nicholas Pileggi,Robert De Niro;Ray Liotta;Joe Pesci,8.7,691884
The Matrix,1999,136,Action;Sci-Fi,Andy Wachowski;Lana Wachowski,Andy Wachowski;Lana Wachowski,Keanu Reeves;Laurence Fishburne;Carrie-Anne Moss,8.7,1155514
Shichinin no samurai,1954,207,Drama,Akira Kurosawa,Akira Kurosawa;Shinobu Hashimoto,Toshirô Mifune;Takashi Shimura;Keiko Tsushima,8.7,218823
Star Wars: Episode IV - A New Hope,1977,121,Action;Adventure;Fantasy;Sci-Fi,George Lucas,George Lucas,Mark Hamill;Harrison Ford;Carrie Fisher,8.7,860571
City of God,2002,130,Crime;Drama,Fernando Meirelles;Kátia Lund,Paulo Lins;Bráulio Mantovani,Alexandre Rodrigues;Matheus Nachtergaele;Leandro Firmino,8.7,508768
Se7en,1995,127,Crime;Drama;Mystery;Thriller,David Fincher,Andrew Kevin Walker,Morgan Freeman;Brad Pitt;Kevin Spacey,8.6,968161
The Silence of the Lambs,1991,118,Crime;Drama;Thriller,Jonathan Demme,Thomas Harris;Ted Tally,Jodie Foster;Anthony Hopkins;Lawrence A. Bonney,8.6,835605
The Usual Suspects,1995,106,Crime;Drama;Mystery;Thriller,Bryan Singer,Christopher McQuarrie,Kevin Spacey;Gabriel Byrne;Chazz Palminteri,8.6,704379
It's a Wonderful Life,1946,130,Drama;Family;Fantasy,Frank Capra,Frances Goodrich;Albert Hackett,James Stewart;Donna Reed;Lionel Barrymore,8.6,262681
La vita è bella,1997,116,Comedy;Drama;Romance,Roberto Benigni,Vincenzo Cerami;Roberto Benigni,Roberto Benigni;Nicoletta Braschi;Giorgio Cantarini,8.6,393853
Léon,1994,110,Crime;Drama;Thriller,Luc Besson,Luc Besson,Jean Reno;Gary Oldman;Natalie Portman,8.6,686630
Once Upon a Time in the West,1968,165,Western,Sergio Leone,Sergio Donati;Sergio Leone,Henry Fonda;Charles Bronson;Claudia Cardinale,8.6,205815
De reis van Chihiro,2001,125,Animation;Adventure;Family;Fantasy,Hayao Miyazaki,Hayao Miyazaki,Daveigh Chase;Suzanne Pleshette;Miyu Irino,8.6,390703
Saving Private Ryan,1998,169,Action;Drama;War,Steven Spielberg,Robert Rodat,Tom Hanks;Matt Damon;Tom Sizemore,8.6,833374
Interstellar,2014,169,Adventure;Drama;Sci-Fi,Christopher Nolan,Jonathan Nolan;Christopher Nolan,Matthew McConaughey;Anne Hathaway;Jessica Chastain,8.6,836020
Casablanca,1942,102,Drama;Romance;War,Michael Curtiz,Julius J. Epstein;Philip G. Epstein,Humphrey Bogart;Ingrid Bergman;Paul Henreid,8.6,370959
American History X,1998,119,Crime;Drama,Tony Kaye,David McKenna,Edward Norton;Edward Furlong;Beverly D'Angelo,8.6,745127
Psycho,1960,109,Horror;Mystery;Thriller,Alfred Hitchcock,Joseph Stefano;Robert Bloch,Anthony Perkins;Janet Leigh;Vera Miles,8.5,399979
City Lights,1931,87,Comedy;Drama;Romance,Charles Chaplin,Charles Chaplin,Charles Chaplin;Virginia Cherrill;Florence Lee,8.6,101346
Indiana Jones and the Raiders of the Lost Ark,1981,115,Action;Adventure,Steven Spielberg,Lawrence Kasdan;George Lucas,Harrison Ford;Karen Allen;Paul Freeman,8.5,628682
Rear Window,1954,112,Mystery;Thriller,Alfred Hitchcock,John Michael Hayes;Cornell Woolrich,James Stewart;Grace Kelly;Wendell Corey,8.5,300346
The Intouchables,2011,112,Biography;Comedy;Drama,Olivier Nakache;Eric Toledano,Olivier Nakache;Eric Toledano,François Cluzet;Omar Sy;Anne Le Ny,8.6,466863
Modern Times,1936,87,Comedy;Drama;Romance,Charles Chaplin,Charles Chaplin,Charles Chaplin;Paulette Goddard;Henry Bergman,8.6,133612
The Green Mile,1999,189,Crime;Drama;Fantasy;Mystery,Frank Darabont,Stephen King;Frank Darabont,Tom Hanks;Michael Clarke Duncan;David Morse,8.5,735167
Terminator 2: Judgment Day,1991,137,Action;Sci-Fi,James Cameron,James Cameron;William Wisher Jr.,Arnold Schwarzenegger;Linda Hamilton;Edward Furlong,8.5,708037
The Pianist,2002,150,Biography;Drama;War,Roman Polanski,Ronald Harwood;Wladyslaw Szpilman,Adrien Brody;Thomas Kretschmann;Frank Finlay,8.5,469428
The Departed,2006,151,Crime;Drama;Thriller,Martin Scorsese,William Monahan;Alan Mak,Leonardo DiCaprio;Matt Damon;Jack Nicholson,8.5,826063
Whiplash,2014,107,Drama;Music,Damien Chazelle,Damien Chazelle,Miles Teller;J.K. Simmons;Melissa Benoist,8.5,347857
Back to the Future,1985,116,Adventure;Comedy;Sci-Fi,Robert Zemeckis,Robert Zemeckis;Bob Gale,Michael J. Fox;Christopher Lloyd;Lea Thompson,8.5,688386
Memento,2000,113,Mystery;Thriller,Christopher Nolan,Christopher Nolan;Jonathan Nolan,Guy Pearce;Carrie-Anne Moss;Joe Pantoliano,8.5,805543
Gladiator,2000,155,Action;Drama,Ridley Scott,David Franzoni;David Franzoni,Russell Crowe;Joaquin Phoenix;Connie Nielsen,8.5,931305
Apocalypse Now,1979,153,Drama;War,Francis Ford Coppola,John Milius;Francis Ford Coppola,Martin Sheen;Marlon Brando;Robert Duvall,8.5,430795
Dr. Strangelove or: How I Learned to Stop Worrying and Love the Bomb,1964,95,Comedy,Stanley Kubrick,Stanley Kubrick;Terry Southern,Peter Sellers;George C. Scott;Sterling Hayden,8.5,327326
The Prestige,2006,130,Drama;Mystery;Sci-Fi;Thriller,Christopher Nolan,Jonathan Nolan;Christopher Nolan,Christian Bale;Hugh Jackman;Scarlett Johansson,8.5,795486
Sunset Blvd.,1950,110,Drama;Film-Noir,Billy Wilder,Charles Brackett;Billy Wilder,William Holden;Gloria Swanson;Erich von Stroheim,8.5,132709
De leeuwenkoning,1994,89,Animation;Adventure;Drama;Family;Musical,Roger Allers;Rob Minkoff,Irene Mecchi;Jonathan Roberts,Matthew Broderick;Jeremy Irons;James Earl Jones,8.5,602498
Alien,1979,117,Horror;Sci-Fi,Ridley Scott,Dan O'Bannon;Ronald Shusett,Sigourney Weaver;Tom Skerritt;John Hurt,8.5,534381
De dictator,1940,125,Comedy;Drama;War,Charles Chaplin,Charles Chaplin,Charles Chaplin;Paulette Goddard;Jack Oakie,8.5,128842
The Lives of Others,2006,137,Drama;Thriller,Florian Henckel von Donnersmarck,Florian Henckel von Donnersmarck,Ulrich Mühe;Martina Gedeck;Sebastian Koch,8.5,246744
Nuovo Cinema Paradiso,1988,155,Drama,Giuseppe Tornatore,Giuseppe Tornatore;Giuseppe Tornatore,Philippe Noiret;Enzo Cannavale;Antonella Attili,8.5,143346
Django Unchained,2012,165,Drama;Western,Quentin Tarantino,Quentin Tarantino,Jamie Foxx;Christoph Waltz;Leonardo DiCaprio,8.5,890546
The Shining,1980,144,Drama;Horror,Stanley Kubrick,Stephen King;Stanley Kubrick,Jack Nicholson;Shelley Duvall;Danny Lloyd,8.4,575660
Paths of Glory,1957,88,Drama;War,Stanley Kubrick,Stanley Kubrick;Calder Willingham,Kirk Douglas;Ralph Meeker;Adolphe Menjou,8.5,114311
The Dark Knight Rises,2012,164,Action;Thriller,Christopher Nolan,Jonathan Nolan;Christopher Nolan,Christian Bale;Tom Hardy;Anne Hathaway,8.5,1076255
WALL·E,2008,98,Animation;Adventure;Family;Sci-Fi,Andrew Stanton,Andrew Stanton;Pete Docter,Ben Burtt;Elissa Knight;Jeff Garlin,8.4,674995
Hotaru no haka,1988,89,Animation;Drama;War,Isao Takahata,Akiyuki Nosaka;Isao Takahata,Tsutomu Tatsumi;Ayano Shiraishi;Akemi Yamaguchi,8.5,128200
American Beauty,1999,122,Drama;Romance,Sam Mendes,Alan Ball,Kevin Spacey;Annette Bening;Thora Birch,8.4,784355
Aliens,1986,137,Action;Horror;Sci-Fi,James Cameron,James Cameron;David Giler,Sigourney Weaver;Michael Biehn;Carrie Henn,8.4,465680
Mononoke-hime,1997,134,Animation;Adventure;Fantasy,Hayao Miyazaki,Hayao Miyazaki,Yôji Matsuda;Yuriko Ishida;Yûko Tanaka,8.4,208266
Citizen Kane,1941,119,Drama;Mystery,Orson Welles,Herman J. Mankiewicz;Orson Welles,Orson Welles;Joseph Cotten;Dorothy Comingore,8.4,285021
Oldeuboi,2003,120,Drama;Mystery;Thriller,Chan-wook Park,Garon Tsuchiya;Nobuaki Minegishi,Min-sik Choi;Ji-tae Yu;Hye-jeong Kang,8.4,336238
North by Northwest,1959,136,Adventure;Crime;Mystery;Thriller,Alfred Hitchcock,Ernest Lehman,Cary Grant;Eva Marie Saint;James Mason,8.4,210903
Vertigo,1958,128,Mystery;Romance;Thriller,Alfred Hitchcock,Alec Coppel;Samuel A. Taylor,James Stewart;Kim Novak;Barbara Bel Geddes,8.4,235065
Once Upon a Time in America,1984,229,Crime;Drama,Sergio Leone,Harry Grey;Leonardo Benvenuti,Robert De Niro;James Woods;Elizabeth McGovern,8.4,209765
Das Boot,1981,149,Adventure;Drama;Thriller;War,Wolfgang Petersen,Wolfgang Petersen;Lothar G. Buchheim,Jürgen Prochnow;Herbert Grönemeyer;Klaus Wennemann,8.4,160839
M,1931,117,Crime;Drama;Mystery;Thriller,Fritz Lang,Thea von Harbou;Fritz Lang,Peter Lorre;Ellen Widmann;Inge Landgut,8.4,94388
Star Wars: Episode VI - Return of the Jedi,1983,131,Action;Adventure;Fantasy;Sci-Fi,Richard Marquand,Lawrence Kasdan;George Lucas,Mark Hamill;Harrison Ford;Carrie Fisher,8.4,637931
Witness for the Prosecution,1957,116,Drama;Mystery,Billy Wilder,Agatha Christie;Billy Wilder,Tyrone Power;Marlene Dietrich;Charles Laughton,8.4,58691
Amélie,2001,122,Comedy;Romance,Jean-Pierre Jeunet,Guillaume Laurant;Jean-Pierre Jeunet,Audrey Tautou;Mathieu Kassovitz;Rufus,8.4,508651
Reservoir Dogs,1992,99,Crime;Thriller,Quentin Tarantino,Quentin Tarantino;Roger Avary,Harvey Keitel;Tim Roth;Michael Madsen,8.4,628203
Braveheart,1995,178,Biography;Drama;History;War,Mel Gibson,Randall Wallace,Mel Gibson;Sophie Marceau;Patrick McGoohan,8.4,701241
A Clockwork Orange,1971,136,Crime;Drama;Sci-Fi,Stanley Kubrick,Stanley Kubrick;Anthony Burgess,Malcolm McDowell;Patrick Magee;Michael Bates,8.4,528527
Requiem for a Dream,2000,102,Drama,Darren Aronofsky,Hubert Selby Jr.;Hubert Selby Jr.,Ellen Burstyn;Jared Leto;Jennifer Connelly,8.4,545934
Star Wars: Episode VII - The Force Awakens,2015,135,Action;Adventure;Fantasy;Sci-Fi,J.J. Abrams,Lawrence Kasdan;J.J. Abrams,Daisy Ridley;John Boyega;Oscar Isaac,8.4,424544
Toy Story 3,2010,103,Animation;Adventure;Comedy;Family;Fantasy,Lee Unkrich,John Lasseter;Andrew Stanton,Tom Hanks;Tim Allen;Joan Cusack,8.4,511826
Taxi Driver,1976,113,Crime;Drama,Martin Scorsese,Paul Schrader,Robert De Niro;Jodie Foster;Cybill Shepherd,8.4,478935
Double Indemnity,1944,107,Crime;Drama;Film-Noir;Thriller,Billy Wilder,Billy Wilder;Raymond Chandler,Fred MacMurray;Barbara Stanwyck;Edward G. Robinson,8.4,92795
To Kill a Mockingbird,1962,129,Drama,Robert Mulligan,Harper Lee;Horton Foote,Gregory Peck;John Megna;Frank Overton,8.4,202968
Lawrence of Arabia,1962,216,Adventure;Biography;Drama;History;War,David Lean,T.E. Lawrence;Robert Bolt,Peter O'Toole;Alec Guinness;Anthony Quinn,8.4,182944
Eternal Sunshine of the Spotless Mind,2004,108,Drama;Romance;Sci-Fi,Michel Gondry,Charlie Kaufman;Michel Gondry,Jim Carrey;Kate Winslet;Tom Wilkinson,8.4,632681
Full Metal Jacket,1987,116,Drama;War,Stanley Kubrick,Gustav Hasford;Stanley Kubrick,Matthew Modine;R. Lee Ermey;Vincent D'Onofrio,8.3,458477
Amadeus,1984,160,Biography;Drama;Music,Milos Forman,Peter Shaffer;Peter Shaffer,F. Murray Abraham;Tom Hulce;Elizabeth Berridge,8.3,257406
The Sting,1973,129,Comedy;Crime;Drama,George Roy Hill,David S. Ward,Paul Newman;Robert Redford;Robert Shaw,8.3,166907
Singin' in the Rain,1952,103,Comedy;Musical;Romance,Stanley Donen;Gene Kelly,Adolph Green;Betty Comden,Gene Kelly;Donald O'Connor;Debbie Reynolds,8.3,142327
Ladri di biciclette,1948,89,Drama,Vittorio De Sica,Cesare Zavattini;Luigi Bartolini,Lamberto Maggiorani;Enzo Staiola;Lianella Carell,8.4,88880
2001: A Space Odyssey,1968,149,Mystery;Sci-Fi,Stanley Kubrick,Stanley Kubrick;Arthur C. Clarke,Keir Dullea;Gary Lockwood;William Sylvester,8.3,403854
Snatch.,2000,104,Comedy;Crime,Guy Ritchie,Guy Ritchie,Jason Statham;Brad Pitt;Benicio Del Toro,8.3,573803
Monty Python and the Holy Grail,1975,91,Adventure;Comedy;Fantasy,Terry Gilliam;Terry Jones,Graham Chapman;John Cleese,Graham Chapman;John Cleese;Eric Idle,8.3,365317
Toy Story,1995,81,Animation;Adventure;Comedy;Family;Fantasy,John Lasseter,John Lasseter;Pete Docter,Tom Hanks;Tim Allen;Don Rickles,8.3,584657
The Kid,1921,68,Comedy;Drama;Family,Charles Chaplin,Charles Chaplin,Charles Chaplin;Edna Purviance;Jackie Coogan,8.4,62137
Inglourious Basterds,2009,153,Adventure;Drama;War,Quentin Tarantino;Eli Roth,Quentin Tarantino,Brad Pitt;Diane Kruger;Eli Roth,8.3,830553
L.A. Confidential,1997,138,Crime;Drama;Mystery;Thriller,Curtis Hanson,James Ellroy;Brian Helgeland,Kevin Spacey;Russell Crowe;Guy Pearce,8.3,397624
Rashômon,1950,88,Crime;Drama,Akira Kurosawa,Ryûnosuke Akutagawa;Akira Kurosawa,Toshirô Mifune;Machiko Kyô;Masayuki Mori,8.3,97207
Per qualche dollaro in più,1965,132,Western,Sergio Leone,Sergio Leone;Fulvio Morsella,Clint Eastwood;Lee Van Cleef;Gian Maria Volontè,8.3,147561
The Apartment,1960,125,Comedy;Drama;Romance,Billy Wilder,Billy Wilder;I.A.L. Diamond,Jack Lemmon;Shirley MacLaine;Fred MacMurray,8.3,103537
All About Eve,1950,138,Drama,Joseph L. Mankiewicz,Joseph L. Mankiewicz,Bette Davis;Anne Baxter;George Sanders,8.3,79128
Indiana Jones and the Last Crusade,1989,127,Action;Adventure,Steven Spielberg,Jeffrey Boam;George Lucas,Harrison Ford;Sean Connery;Alison Doody,8.3,488940
Jodaeiye Nader az Simin,2011,123,Drama,Asghar Farhadi,Asghar Farhadi,Peyman Moaadi;Leila Hatami;Sareh Bayat,8.4,143885
Inside Out,2015,95,Animation;Adventure;Comedy;Drama;Family;Fantasy,Pete Docter;Ronnie Del Carmen,Pete Docter;Ronnie Del Carmen,Amy Poehler;Bill Hader;Lewis Black,8.3,265310
Metropolis,1927,153,Drama;Sci-Fi,Fritz Lang,Thea von Harbou;Thea von Harbou,Brigitte Helm;Alfred Abel;Gustav Fröhlich,8.3,106181
Scarface,1983,170,Crime;Drama,Brian De Palma,Oliver Stone,Al Pacino;Michelle Pfeiffer;Steven Bauer,8.3,510760
The Treasure of the Sierra Madre,1948,126,Action;Adventure;Drama;Western,John Huston,John Huston;B. Traven,Humphrey Bogart;Walter Huston;Tim Holt,8.3,75486
Yôjinbô,1961,110,Comedy;Drama,Akira Kurosawa,Akira Kurosawa;Akira Kurosawa,Toshirô Mifune;Eijirô Tôno;Tatsuya Nakadai,8.3,70254
Batman Begins,2005,140,Action;Adventure,Christopher Nolan,Bob Kane;David S. Goyer,Christian Bale;Michael Caine;Ken Watanabe,8.3,919756
Some Like It Hot,1959,120,Comedy;Crime,Billy Wilder,Billy Wilder;I.A.L. Diamond,Marilyn Monroe;Tony Curtis;Jack Lemmon,8.3,167039
The Third Man,1949,104,Film-Noir;Mystery;Thriller,Carol Reed,Graham Greene;Graham Greene,Orson Welles;Joseph Cotten;Alida Valli,8.3,108516
Unforgiven,1992,131,Western,Clint Eastwood,David Webb Peoples,Clint Eastwood;Gene Hackman;Morgan Freeman,8.3,264451
3 Idiots,2009,170,Comedy;Drama,Rajkumar Hirani,Rajkumar Hirani;Abhijat Joshi,Aamir Khan;Madhavan;Mona Singh,8.4,190144
Jagten,2012,115,Drama,Thomas Vinterberg,Tobias Lindholm;Thomas Vinterberg,Mads Mikkelsen;Thomas Bo Larsen;Annika Wedderkopp,8.3,155719
Up,2009,96,Animation;Adventure;Comedy;Family,Pete Docter;Bob Peterson,Pete Docter;Bob Peterson,Edward Asner;Jordan Nagai;John Ratzenberger,8.3,621430
Good Will Hunting,1997,126,Drama,Gus Van Sant,Matt Damon;Ben Affleck,Robin Williams;Matt Damon;Ben Affleck,8.3,571136
Raging Bull,1980,129,Biography;Drama;Sport,Martin Scorsese,Jake LaMotta;Joseph Carter,Robert De Niro;Cathy Moriarty;Joe Pesci,8.3,224601
Der Untergang,2004,156,Biography;Drama;War,Oliver Hirschbiegel,Bernd Eichinger;Joachim Fest,Bruno Ganz;Alexandra Maria Lara;Ulrich Matthes,8.3,237792
Die Hard,1988,131,Action;Thriller,John McTiernan,Roderick Thorp;Jeb Stuart,Bruce Willis;Alan Rickman;Bonnie Bedelia,8.2,565668
Chinatown,1974,130,Drama;Mystery;Thriller,Roman Polanski,Robert Towne,Jack Nicholson;Faye Dunaway;John Huston,8.3,206170
The Great Escape,1963,172,Adventure;Drama;History;War,John Sturges,Paul Brickhill;James Clavell,Steve McQueen;James Garner;Richard Attenborough,8.3,157672
Heat,1995,170,Action;Crime;Drama;Thriller,Michael Mann,Michael Mann,Al Pacino;Robert De Niro;Val Kilmer,8.2,413078
On the Waterfront,1954,108,Crime;Drama;Thriller,Elia Kazan,Budd Schulberg;Budd Schulberg,Marlon Brando;Karl Malden;Lee J. Cobb,8.3,95463
Pan's Labyrinth,2006,118,Drama;Fantasy;War,Guillermo del Toro,Guillermo del Toro,Ivana Baquero;Ariadna Gil;Sergi López,8.2,445308
Sunrise: A Song of Two Humans,1927,94,Comedy;Drama;Romance;Thriller,F.W. Murnau,Carl Mayer;Hermann Sudermann,George O'Brien;Janet Gaynor;Margaret Livingston,8.4,26890
Mr. Smith Goes to Washington,1939,129,Drama,Frank Capra,Sidney Buchman;Lewis R. Foster,James Stewart;Jean Arthur;Claude Rains,8.3,73857
Tonari no Totoro,1988,86,Animation;Family;Fantasy,Hayao Miyazaki,Hayao Miyazaki,Hitoshi Takagi;Noriko Hidaka;Chika Sakamoto,8.3,158836
The Bridge on the River Kwai,1957,161,Adventure;Drama;War,David Lean,Pierre Boulle;Carl Foreman,William Holden;Alec Guinness;Jack Hawkins,8.2,141683
The Gold Rush,1925,95,Adventure;Comedy;Drama;Romance,Charles Chaplin,Charles Chaplin,Charles Chaplin;Mack Swain;Tom Murray,8.3,63880
Ikiru,1952,143,Drama,Akira Kurosawa,Akira Kurosawa;Shinobu Hashimoto,Takashi Shimura;Nobuo Kaneko;Shin'ichi Himori,8.3,39752
Ran,1985,162,Action;Drama;War,Akira Kurosawa,Akira Kurosawa;Hideo Oguni,Tatsuya Nakadai;Akira Terao;Jinpachi Nezu,8.3,73622
Det sjunde inseglet,1957,96,Drama;Fantasy,Ingmar Bergman,Ingmar Bergman;Ingmar Bergman,Max von Sydow;Gunnar Björnstrand;Bengt Ekerot,8.2,106221
Blade Runner,1982,117,Sci-Fi;Thriller,Ridley Scott,Hampton Fancher;David Webb Peoples,Harrison Ford;Rutger Hauer;Sean Young,8.2,441191
El secreto de sus ojos,2009,129,Drama;Mystery;Thriller,Juan José Campanella,Eduardo Sacheri;Juan José Campanella,Ricardo Darín;Soledad Villamil;Pablo Rago,8.2,121917
The Revenant,2015,156,Adventure;Drama;Thriller;Western,Alejandro González Iñárritu,Mark L. Smith;Alejandro González Iñárritu,Leonardo DiCaprio;Tom Hardy;Will Poulter,8.2,209665
"Lock, Stock and Two Smoking Barrels",1998,107,Comedy;Crime,Guy Ritchie,Guy Ritchie,Jason Flemyng;Dexter Fletcher;Nick Moran,8.2,397665
Room,2015,118,Drama,Lenny Abrahamson,Emma Donoghue;Emma Donoghue,Brie Larson;Jacob Tremblay;Sean Bridgers,8.3,39013
The General,1926,67,Action;Adventure;Comedy;Drama;War,Clyde Bruckman;Buster Keaton,Buster Keaton;Clyde Bruckman,Buster Keaton;Marion Mack;Glen Cavender,8.3,50485
Smultronstället,1957,91,Drama;Romance,Ingmar Bergman,Ingmar Bergman,Victor Sjöström;Bibi Andersson;Ingrid Thulin,8.3,60006
The Elephant Man,1980,124,Biography;Drama,David Lynch,Christopher De Vore;Eric Bergren,Anthony Hopkins;John Hurt;Anne Bancroft,8.2,154999
Casino,1995,178,Biography;Crime;Drama,Martin Scorsese,Nicholas Pileggi;Nicholas Pileggi,Robert De Niro;Sharon Stone;Joe Pesci,8.2,316886
Hauru no ugoku shiro,2004,119,Animation;Adventure;Family;Fantasy,Hayao Miyazaki,Hayao Miyazaki;Diana Wynne Jones,Chieko Baishô;Takuya Kimura;Tatsuya Gashûin,8.2,200060
Warrior,2011,140,Drama;Sport,Gavin O'Connor,Gavin O'Connor;Anthony Tambakis,Tom Hardy;Nick Nolte;Joel Edgerton,8.2,314449
The Wolf of Wall Street,2013,180,Biography;Comedy;Crime;Drama,Martin Scorsese,Terence Winter;Jordan Belfort,Leonardo DiCaprio;Jonah Hill;Margot Robbie,8.2,712496
V for Vendetta,2005,132,Action;Drama;Thriller,James McTeigue,Andy Wachowski;Lana Wachowski,Hugo Weaving;Natalie Portman;Rupert Graves,8.2,752165
Oordeel te Neurenberg,1961,186,Drama;History;War,Stanley Kramer,Abby Mann;Abby Mann,Spencer Tracy;Burt Lancaster;Richard Widmark,8.3,41423
A Beautiful Mind,2001,135,Biography;Drama,Ron Howard,Akiva Goldsman;Sylvia Nasar,Russell Crowe;Ed Harris;Jennifer Connelly,8.2,574789
Gran Torino,2008,116,Drama,Clint Eastwood,Nick Schenk;Dave Johannson,Clint Eastwood;Bee Vang;Christopher Carley,8.2,537037
The Big Lebowski,1998,117,Comedy;Crime,Joel Coen;Ethan Coen,Ethan Coen;Joel Coen,Jeff Bridges;John Goodman;Julianne Moore,8.2,509532
Rebecca,1940,130,Drama;Mystery;Thriller,Alfred Hitchcock,Daphne Du Maurier;Robert E. Sherwood,Laurence Olivier;Joan Fontaine;George Sanders,8.2,83363
The Deer Hunter,1978,183,Drama;War,Michael Cimino,Michael Cimino;Deric Washburn,Robert De Niro;Christopher Walken;John Cazale,8.2,222410
Gone with the Wind,1939,238,Drama;Romance;War,Victor Fleming;George Cukor,Margaret Mitchell;Sidney Howard,Clark Gable;Vivien Leigh;Thomas Mitchell,8.2,205268
Cool Hand Luke,1967,126,Crime;Drama,Stuart Rosenberg,Donn Pearce;Frank Pierson,Paul Newman;George Kennedy;Strother Martin,8.2,114845
How to Train Your Dragon,2010,98,Animation;Adventure;Family;Fantasy,Dean DeBlois;Chris Sanders,William Davies;Dean DeBlois,Jay Baruchel;Gerard Butler;Christopher Mintz-Plasse,8.2,455352
Fargo,1996,98,Crime;Drama;Thriller,Joel Coen;Ethan Coen,Ethan Coen;Joel Coen,William H. Macy;Frances McDormand;Steve Buscemi,8.2,430349
Trainspotting,1996,94,Drama,Danny Boyle,Irvine Welsh;John Hodge,Ewan McGregor;Ewen Bremner;Jonny Lee Miller,8.2,447698
Incendies,2010,139,Drama;Mystery;War,Denis Villeneuve,Denis Villeneuve;Wajdi Mouawad,Lubna Azabal;Mélissa Désormeaux-Poulin;Maxim Gaudette,8.2,73954
Dial M for Murder,1954,105,Crime;Thriller,Alfred Hitchcock,Frederick Knott;Frederick Knott,Ray Milland;Grace Kelly;Robert Cummings,8.2,100312
The Sixth Sense,1999,107,Drama;Mystery;Thriller,M. Night Shyamalan,M. Night Shyamalan,Bruce Willis;Haley Joel Osment;Toni Collette,8.1,672898
Into the Wild,2007,148,Adventure;Biography;Drama;Romance,Sean Penn,Sean Penn;Jon Krakauer,Emile Hirsch;Vince Vaughn;Catherine Keener,8.2,403411
Finding Nemo,2003,100,Animation;Adventure;Comedy;Family,Andrew Stanton;Lee Unkrich,Andrew Stanton;Andrew Stanton,Albert Brooks;Ellen DeGeneres;Alexander Gould,8.1,645302
Het gebeurde op 'n avond,1934,105,Comedy;Romance,Frank Capra,Robert Riskin;Samuel Hopkins Adams,Clark Gable;Claudette Colbert;Walter Connolly,8.2,61232
The Thing,1982,109,Horror;Sci-Fi,John Carpenter,Bill Lancaster;John W. Campbell Jr.,Kurt Russell;Wilford Brimley;Keith David,8.2,244294
No Country for Old Men,2007,122,Crime;Drama;Thriller,Ethan Coen;Joel Coen,Joel Coen;Ethan Coen,Tommy Lee Jones;Javier Bardem;Josh Brolin,8.1,581029
Mad Max: Fury Road,2015,120,Action;Adventure;Sci-Fi;Thriller,George Miller,George Miller;Brendan McCarthy,Tom Hardy;Charlize Theron;Nicholas Hoult,8.2,449725
Spotlight,2015,128,Biography;Drama;History;Thriller,Tom McCarthy,Josh Singer;Tom McCarthy,Mark Ruffalo;Michael Keaton;Rachel McAdams,8.2,53291
Gone Girl,2014,149,Crime;Drama;Mystery;Romance;Thriller,David Fincher,Gillian Flynn;Gillian Flynn,Ben Affleck;Rosamund Pike;Neil Patrick Harris,8.1,521697
Mary and Max,2009,92,Animation;Comedy;Drama,Adam Elliot,Adam Elliot,Toni Collette;Philip Seymour Hoffman;Eric Bana,8.2,112087
Kill Bill: Vol. 1,2003,111,Action,Quentin Tarantino,Quentin Tarantino;Quentin Tarantino,Uma Thurman;David Carradine;Daryl Hannah,8.1,698192
Rush,2013,123,Action;Biography;Drama;Sport,Ron Howard,Peter Morgan,Daniel Brühl;Chris Hemsworth;Olivia Wilde,8.2,291088
The Maltese Falcon,1941,100,Crime;Drama;Film-Noir;Mystery,John Huston,John Huston;Dashiell Hammett,Humphrey Bogart;Mary Astor;Gladys George,8.2,107854
Life of Brian,1979,94,Comedy,Terry Jones,Graham Chapman;John Cleese,Graham Chapman;John Cleese;Michael Palin,8.1,259366
Hotel Rwanda,2004,121,Drama;History;War,Terry George,Keir Pearson;Terry George,Don Cheadle;Sophie Okonedo;Joaquin Phoenix,8.1,252967
Platoon,1986,120,Drama;War,Oliver Stone,Oliver Stone,Charlie Sheen;Tom Berenger;Willem Dafoe,8.1,278913
Le salaire de la peur,1953,131,Adventure;Drama;Thriller,Henri-Georges Clouzot,Georges Arnaud;Henri-Georges Clouzot,Yves Montand;Charles Vanel;Peter van Eyck,8.2,33538
There Will Be Blood,2007,158,Drama,Paul Thomas Anderson,Paul Thomas Anderson;Upton Sinclair,Daniel Day-Lewis;Paul Dano;Ciarán Hinds,8.1,354966
Butch Cassidy and the Sundance Kid,1969,110,Biography;Crime;Drama;Western,George Roy Hill,William Goldman,Paul Newman;Robert Redford;Katharine Ross,8.1,144478
Network,1976,121,Drama,Sidney Lumet,Paddy Chayefsky,Faye Dunaway;William Holden;Peter Finch,8.1,97883
Les quatre cents coups,1959,99,Crime;Drama,François Truffaut,François Truffaut;Marcel Moussy,Jean-Pierre Léaud;Albert Rémy;Claire Maurier,8.2,66397
Stand by Me,1986,89,Adventure;Drama,Rob Reiner,Stephen King;Raynold Gideon,Wil Wheaton;River Phoenix;Corey Feldman,8.1,258279
Persona,1966,85,Drama;Thriller,Ingmar Bergman,Ingmar Bergman,Bibi Andersson;Liv Ullmann;Margaretha Krook,8.2,57451
12 Years a Slave,2013,134,Biography;Drama;History,Steve McQueen,John Ridley;Solomon Northup,Chiwetel Ejiofor;Michael Kenneth Williams;Michael Fassbender,8.1,405257
The Princess Bride,1987,98,Adventure;Comedy;Family;Fantasy;Romance,Rob Reiner,William Goldman;William Goldman,Cary Elwes;Mandy Patinkin;Robin Wright,8.1,280217
The Grand Budapest Hotel,2014,99,Adventure;Comedy;Drama,Wes Anderson,Stefan Zweig;Wes Anderson,Ralph Fiennes;F. Murray Abraham;Mathieu Amalric,8.1,432750
Touch of Evil,1958,95,Crime;Film-Noir;Thriller,Orson Welles,Orson Welles;Whit Masterson,Charlton Heston;Orson Welles;Janet Leigh,8.1,69522
In the Name of the Father,1993,133,Biography;Drama;History,Jim Sheridan,Gerry Conlon;Terry George,Daniel Day-Lewis;Pete Postlethwaite;Alison Crosbie,8.1,103169
Amores perros,2000,154,Drama;Thriller,Alejandro González Iñárritu,Guillermo Arriaga,Emilio Echevarría;Gael García Bernal;Goya Toledo,8.1,166135
Shutter Island,2010,138,Mystery;Thriller,Martin Scorsese,Laeta Kalogridis;Dennis Lehane,Leonardo DiCaprio;Emily Mortimer;Mark Ruffalo,8.1,735655
Million Dollar Baby,2004,132,Drama;Sport,Clint Eastwood,Paul Haggis;F.X. Toole,Hilary Swank;Clint Eastwood;Morgan Freeman,8.1,458422
Annie Hall,1977,93,Comedy;Romance,Woody Allen,Woody Allen;Marshall Brickman,Woody Allen;Diane Keaton;Tony Roberts,8.1,182646
Ben Hur,1959,212,Adventure;Drama;War,William Wyler,Lew Wallace;Karl Tunberg,Charlton Heston;Jack Hawkins;Stephen Boyd,8.1,151793
The Grapes of Wrath,1940,129,Drama,John Ford,Nunnally Johnson;John Steinbeck,Henry Fonda;Jane Darwell;John Carradine,8.1,59809
Relatos salvajes,2014,122,Comedy;Drama;Thriller,Damián Szifrón,Damián Szifrón,Darío Grandinetti;María Marull;Mónica Villa,8.1,72988
Hachi: A Dog's Tale,2009,93,Drama;Family,Lasse Hallström,Stephen P. Lindsey;Kaneto Shindô,Richard Gere;Joan Allen;Cary-Hiroyuki Tagawa,8.2,140977
Kaze no tani no Naushika,1984,117,Animation;Adventure;Fantasy;Sci-Fi,Hayao Miyazaki,Hayao Miyazaki;Hayao Miyazaki,Sumi Shimamoto;Mahito Tsujimura;Hisako Kyôda,8.1,89886
Stalker,1979,163,Drama;Sci-Fi,Andrei Tarkovsky,Arkadiy Strugatskiy;Boris Strugatskiy,Alisa Freyndlikh;Aleksandr Kaydanovskiy;Anatoliy Solonitsyn,8.2,64339
Demonen,1955,116,Drama;Horror;Thriller,Henri-Georges Clouzot,Pierre Boileau;Thomas Narcejac,Simone Signoret;Véra Clouzot;Paul Meurisse,8.1,39892
Jurassic Park,1993,127,Adventure;Sci-Fi;Thriller,Steven Spielberg,Michael Crichton;Michael Crichton,Sam Neill;Laura Dern;Jeff Goldblum,8.1,572595
Gandhi,1982,191,Biography;Drama;History,Richard Attenborough,John Briley,Ben Kingsley;John Gielgud;Candice Bergen,8.1,163191
The Martian,2015,144,Adventure;Drama;Sci-Fi,Ridley Scott,Drew Goddard;Andy Weir,Matt Damon;Jessica Chastain;Kristen Wiig,8.1,332219
8½,1963,138,Drama;Fantasy,Federico Fellini,Federico Fellini;Ennio Flaiano,Marcello Mastroianni;Anouk Aimée;Claudia Cardinale,8.1,74767
The Bourne Ultimatum,2007,115,Action;Thriller,Paul Greengrass,Tony Gilroy;Scott Z. Burns,Matt Damon;Edgar Ramirez;Joan Allen,8.1,464242
Donnie Darko,2001,113,Drama;Sci-Fi;Thriller,Richard Kelly,Richard Kelly,Jake Gyllenhaal;Jena Malone;Mary McDonnell,8.1,554964
The Wizard of Oz,1939,102,Adventure;Family;Fantasy;Musical,Victor Fleming;George Cukor,Noel Langley;Florence Ryerson,Judy Garland;Frank Morgan;Ray Bolger,8.1,277793
Before Sunrise,1995,105,Drama;Romance,Richard Linklater,Richard Linklater;Kim Krizan,Ethan Hawke;Julie Delpy;Andrea Eckert,8.1,172190
De beste jaren van ons leven,1946,172,Drama;Romance;War,William Wyler,Robert E. Sherwood;MacKinlay Kantor,Fredric March;Dana Andrews;Myrna Loy,8.2,38444
Sin City,2005,124,Crime;Thriller,Frank Miller;Robert Rodriguez,Frank Miller,Mickey Rourke;Clive Owen;Bruce Willis,8.1,632247
Strangers on a Train,1951,101,Crime;Film-Noir;Thriller,Alfred Hitchcock,Raymond Chandler;Czenzi Ormonde,Farley Granger;Robert Walker;Ruth Roman,8.1,91150
The Terminator,1984,107,Action;Sci-Fi,James Cameron,James Cameron;Gale Anne Hurd,Arnold Schwarzenegger;Linda Hamilton;Michael Biehn,8.1,569184
Twelve Monkeys,1995,129,Mystery;Sci-Fi;Thriller,Terry Gilliam,Chris Marker;David Webb Peoples,Bruce Willis;Madeleine Stowe;Brad Pitt,8.1,442384
Rocky,1976,120,Drama;Sport,John G. Avildsen,Sylvester Stallone,Sylvester Stallone;Talia Shire;Burt Young,8.1,351053
The Truman Show,1998,103,Drama,Peter Weir,Andrew Niccol,Jim Carrey;Ed Harris;Laura Linney,8.1,630351
Salinui chueok,2003,129,Crime;Drama;Mystery;Thriller,Joon Ho Bong,Joon Ho Bong;Kwang-rim Kim,Kang-ho Song;Sang-kyung Kim;Roe-ha Kim,8.1,61234
Groundhog Day,1993,101,Comedy;Fantasy;Romance,Harold Ramis,Danny Rubin;Harold Ramis,Bill Murray;Andie MacDowell;Chris Elliott,8.1,413843
"Monsters, Inc.",2001,92,Animation;Adventure;Comedy;Family;Fantasy,Pete Docter;David Silverman,Pete Docter;Jill Culton,Billy Crystal;John Goodman;Mary Gibbs,8.1,547935
Harry Potter and the Deathly Hallows: Part 2,2011,130,Adventure;Drama;Fantasy;Mystery,David Yates,Steve Kloves;J.K. Rowling,Daniel Radcliffe;Emma Watson;Rupert Grint,8.1,509439
Jaws,1975,124,Adventure;Thriller,Steven Spielberg,Peter Benchley;Carl Gottlieb,Roy Scheider;Robert Shaw;Richard Dreyfuss,8.1,391238
Mou gaan dou,2002,101,Crime;Mystery;Thriller,Wai-Keung Lau;Alan Mak,Alan Mak;Felix Chong,Andy Lau;Tony Chiu Wai Leung;Anthony Chau-Sang Wong,8.1,87730
De slag om Algiers,1966,121,Drama;War,Gillo Pontecorvo,Franco Solinas;Franco Solinas,Brahim Hadjadj;Jean Martin;Yacef Saadi,8.1,35067
Barry Lyndon,1975,184,Adventure;Drama;Romance;War,Stanley Kubrick,Stanley Kubrick;William Makepeace Thackeray,Ryan O'Neal;Marisa Berenson;Patrick Magee,8.1,96146
The Avengers,2012,143,Action;Sci-Fi;Thriller,Joss Whedon,Joss Whedon;Zak Penn,Robert Downey Jr.;Chris Evans;Scarlett Johansson,8.1,930421
La haine,1995,98,Crime;Drama,Mathieu Kassovitz,Mathieu Kassovitz,Vincent Cassel;Hubert Koundé;Saïd Taghmaoui,8.1,97854
Dog Day Afternoon,1975,125,Crime;Drama,Sidney Lumet,Frank Pierson;P.F. Kluge,Al Pacino;John Cazale;Penelope Allen,8.1,174469
De grote illusie,1937,114,Drama;War,Jean Renoir,Charles Spaak;Jean Renoir,Jean Gabin;Dita Parlo;Pierre Fresnay,8.2,25064
Kumonosu-jô,1957,110,Drama,Akira Kurosawa,Hideo Oguni;Shinobu Hashimoto,Toshirô Mifune;Minoru Chiaki;Isuzu Yamada,8.1,29252
Fanny och Alexander,1982,188,Drama,Ingmar Bergman,Ingmar Bergman,Bertil Guve;Pernilla Allwin;Kristina Adolphson,8.1,41079
Yip Man,2008,106,Action;Biography;Drama;Sport,Wilson Yip,Edmond Wong;Chan Tai-Li,Donnie Yen;Simon Yam;Siu-Wong Fan,8.1,153956
Prisoners,2013,153,Crime;Drama;Mystery;Thriller,Denis Villeneuve,Aaron Guzikowski,Hugh Jackman;Jake Gyllenhaal;Viola Davis,8.1,353584
The Imitation Game,2014,114,Biography;Drama;Thriller;War,Morten Tyldum,Graham Moore;Andrew Hodges,Benedict Cumberbatch;Keira Knightley;Matthew Goode,8.1,411355
The King's Speech,2010,118,Biography;Drama;History,Tom Hooper,David Seidler,Colin Firth;Geoffrey Rush;Helena Bonham Carter,8.0,474742
Guardians of the Galaxy,2014,121,Action;Adventure;Sci-Fi,James Gunn,James Gunn;Nicole Perlman,Chris Pratt;Vin Diesel;Bradley Cooper,8.1,610419
Pirates of the Caribbean: The Curse of the Black Pearl,2003,143,Action;Adventure;Fantasy,Gore Verbinski,Ted Elliott;Terry Rossio,Johnny Depp;Geoffrey Rush;Orlando Bloom,8.1,770261
Klokslag 12,1952,85,Western,Fred Zinnemann,Carl Foreman;John W. Cunningham,Gary Cooper;Grace Kelly;Thomas Mitchell,8.1,76596
Per un pugno di dollari,1964,99,Action;Drama;Western,Sergio Leone,Adriano Bolzoni;Víctor Andrés Catena,Clint Eastwood;Gian Maria Volontè;Marianne Koch,8.0,137087
The Help,2011,,Drama,Tate Taylor,Tate Taylor;Kathryn Stockett,Emma Stone;Viola Davis;Octavia Spencer,8.1,303067
Roman Holiday,1953,118,Comedy;Romance,William Wyler,Ian McLellan Hunter;John Dighton,Gregory Peck;Audrey Hepburn;Eddie Albert,8.1,94732
Tenkû no shiro Rapyuta,1986,125,Animation;Adventure;Family;Fantasy,Hayao Miyazaki,Hayao Miyazaki,Anna Paquin;James Van Der Beek;Cloris Leachman,8.1,92584
Notorious,1946,101,Drama;Film-Noir;Romance;Thriller,Alfred Hitchcock,Ben Hecht,Cary Grant;Ingrid Bergman;Claude Rains,8.1,70884
Wie is bang voor Virginia Woolf?,1966,131,Drama,Mike Nichols,Ernest Lehman,Elizabeth Taylor;Richard Burton;George Segal,8.1,53826
Catch Me If You Can,2002,141,Biography;Crime;Drama,Steven Spielberg,Jeff Nathanson;Frank Abagnale Jr.,Leonardo DiCaprio;Tom Hanks;Christopher Walken,8.0,479115
Anatomy of a Murder,1959,160,Crime;Drama;Mystery;Thriller,Otto Preminger,Wendell Mayes;John D. Voelker,James Stewart;Lee Remick;Ben Gazzara,8.1,44578
Belle en het Beest,1991,84,Animation;Family;Fantasy;Musical;Romance,Gary Trousdale;Kirk Wise,Linda Woolverton;Brenda Chapman,Paige O'Hara;Robby Benson;Jesse Corti,8.0,290659
Bom yeoreum gaeul gyeoul geurigo bom,2003,103,Drama,Ki-duk Kim,Ki-duk Kim,Ki-duk Kim;Yeong-su Oh;Jong-ho Kim,8.1,60064
The Night of the Hunter,1955,92,Crime;Drama;Film-Noir;Thriller,Charles Laughton;Robert Mitchum,Davis Grubb;James Agee,Robert Mitchum;Shelley Winters;Lillian Gish,8.1,62346
Before Sunset,2004,80,Drama;Romance,Richard Linklater,Richard Linklater;Julie Delpy,Ethan Hawke;Julie Delpy;Vernon Dobtcheff,8.0,159860
Underground,1995,170,Comedy;Drama;War,Emir Kusturica,Dusan Kovacevic;Emir Kusturica,Predrag Manojlovic;Lazar Ristovski;Mirjana Jokovic,8.1,42677
Akira,1988,124,Animation;Action;Sci-Fi,Katsuhiro Ôtomo,Katsuhiro Ôtomo;Izô Hashimoto,Nozomu Sasaki;Mami Koyama;Mitsuo Iwata,8.1,99414
La dolce vita,1960,174,Comedy;Drama,Federico Fellini,Federico Fellini;Ennio Flaiano,Marcello Mastroianni;Anita Ekberg;Anouk Aimée,8.1,47014
The Graduate,1967,106,Comedy;Drama;Romance,Mike Nichols,Calder Willingham;Buck Henry,Dustin Hoffman;Anne Bancroft;Katharine Ross,8.0,205475
